Instance_id,status,create_date,Rsource_type,Account_ID
i-07ca90681590d5605,COMPLETED,01/10/22,EC2,026680511924,omron-backups
i-03254d98ffef38b01,COMPLETED,01/10/22,EC2,026680511924,omron-backups
i-06b79ca732d433936,COMPLETED,01/10/22,EC2,026680511924,omron-backups
i-0cf6bafb3bfec7e96,COMPLETED,01/10/22,EC2,026680511924,omron-backups
i-0b3355ea382bb2bd2,COMPLETED,01/10/22,EC2,026680511924,omron-backups
i-0eab583bc8661c947,COMPLETED,01/10/22,EC2,026680511924,omron-backups
i-04c6e3166673d2e92,COMPLETED,01/10/22,EC2,026680511924,omron-backups
i-0500cb530af204046,COMPLETED,01/10/22,EC2,026680511924,omron-backups
i-0bfd5b417e9c84b99,COMPLETED,01/10/22,EC2,026680511924,omron-backups
vol-0655a2e091e0e0ec3,COMPLETED,01/10/22,EBS,026680511924,omron-backups
i-09f5dea83421aa647,COMPLETED,01/10/22,EC2,026680511924,omron-backups
i-07c9568ece61567d4,COMPLETED,01/10/22,EC2,026680511924,omron-backups
i-07f1bda56c25ea740,COMPLETED,01/10/22,EC2,026680511924,omron-backups
i-00c8e07e0110e9ba6,COMPLETED,01/10/22,EC2,026680511924,omron-backups
i-0cf0958f262af2a49,COMPLETED,01/10/22,EC2,026680511924,omron-backups
i-0c6983d1e1d61e1d7,COMPLETED,01/10/22,EC2,026680511924,omron-backups
i-0c6db25b8a36ce56d,COMPLETED,01/10/22,EC2,026680511924,omron-backups
i-0a715fd9b3d9db3e2,COMPLETED,01/10/22,EC2,026680511924,omron-backups
i-0868fbac82e7f88c1,COMPLETED,01/10/22,EC2,026680511924,omron-backups
i-021418e2707ffc464,COMPLETED,01/10/22,EC2,026680511924,omron-backups
i-0dc949bcbf15bc08d,COMPLETED,01/10/22,EC2,026680511924,omron-backups
i-063d25adc626a2ca4,COMPLETED,01/10/22,EC2,026680511924,omron-backups
i-09317b6a9349dd5ab,COMPLETED,01/10/22,EC2,026680511924,omron-backups
i-0d59590942b0bfbc4,COMPLETED,01/10/22,EC2,026680511924,omron-backups
i-0a19a194af451ba92,COMPLETED,01/10/22,EC2,026680511924,omron-backups
i-04c6e3166673d2e92,COMPLETED,30/09/22,EC2,026680511924,omron-backups
i-07ca90681590d5605,COMPLETED,30/09/22,EC2,026680511924,omron-backups
i-07c9568ece61567d4,COMPLETED,30/09/22,EC2,026680511924,omron-backups
i-063d25adc626a2ca4,COMPLETED,30/09/22,EC2,026680511924,omron-backups
i-0b3355ea382bb2bd2,COMPLETED,30/09/22,EC2,026680511924,omron-backups
i-09f5dea83421aa647,COMPLETED,30/09/22,EC2,026680511924,omron-backups
i-07f1bda56c25ea740,COMPLETED,30/09/22,EC2,026680511924,omron-backups
i-0868fbac82e7f88c1,COMPLETED,30/09/22,EC2,026680511924,omron-backups
i-0a715fd9b3d9db3e2,COMPLETED,30/09/22,EC2,026680511924,omron-backups
i-0cf0958f262af2a49,COMPLETED,30/09/22,EC2,026680511924,omron-backups
i-03254d98ffef38b01,COMPLETED,30/09/22,EC2,026680511924,omron-backups
i-0c6db25b8a36ce56d,COMPLETED,30/09/22,EC2,026680511924,omron-backups
i-0bfd5b417e9c84b99,COMPLETED,30/09/22,EC2,026680511924,omron-backups
i-0d59590942b0bfbc4,COMPLETED,30/09/22,EC2,026680511924,omron-backups
i-0a19a194af451ba92,COMPLETED,30/09/22,EC2,026680511924,omron-backups
i-09317b6a9349dd5ab,COMPLETED,30/09/22,EC2,026680511924,omron-backups
i-06b79ca732d433936,COMPLETED,30/09/22,EC2,026680511924,omron-backups
i-0c6983d1e1d61e1d7,COMPLETED,30/09/22,EC2,026680511924,omron-backups
vol-0655a2e091e0e0ec3,COMPLETED,30/09/22,EBS,026680511924,omron-backups
i-0eab583bc8661c947,COMPLETED,30/09/22,EC2,026680511924,omron-backups
i-0cf6bafb3bfec7e96,COMPLETED,30/09/22,EC2,026680511924,omron-backups
i-00c8e07e0110e9ba6,COMPLETED,30/09/22,EC2,026680511924,omron-backups
i-0dc949bcbf15bc08d,COMPLETED,30/09/22,EC2,026680511924,omron-backups
i-0500cb530af204046,COMPLETED,30/09/22,EC2,026680511924,omron-backups
i-021418e2707ffc464,COMPLETED,30/09/22,EC2,026680511924,omron-backups
i-03254d98ffef38b01,COMPLETED,29/09/22,EC2,026680511924,omron-backups
i-04c6e3166673d2e92,COMPLETED,29/09/22,EC2,026680511924,omron-backups
i-021418e2707ffc464,COMPLETED,29/09/22,EC2,026680511924,omron-backups
i-0eab583bc8661c947,COMPLETED,29/09/22,EC2,026680511924,omron-backups
i-0bfd5b417e9c84b99,COMPLETED,29/09/22,EC2,026680511924,omron-backups
i-0c6db25b8a36ce56d,COMPLETED,29/09/22,EC2,026680511924,omron-backups
i-09317b6a9349dd5ab,COMPLETED,29/09/22,EC2,026680511924,omron-backups
i-0cf0958f262af2a49,COMPLETED,29/09/22,EC2,026680511924,omron-backups
i-07f1bda56c25ea740,COMPLETED,29/09/22,EC2,026680511924,omron-backups
i-063d25adc626a2ca4,COMPLETED,29/09/22,EC2,026680511924,omron-backups
i-0a715fd9b3d9db3e2,COMPLETED,29/09/22,EC2,026680511924,omron-backups
vol-0655a2e091e0e0ec3,COMPLETED,29/09/22,EBS,026680511924,omron-backups
i-0868fbac82e7f88c1,COMPLETED,29/09/22,EC2,026680511924,omron-backups
i-0cf6bafb3bfec7e96,COMPLETED,29/09/22,EC2,026680511924,omron-backups
i-0500cb530af204046,COMPLETED,29/09/22,EC2,026680511924,omron-backups
i-0dc949bcbf15bc08d,COMPLETED,29/09/22,EC2,026680511924,omron-backups
i-0a19a194af451ba92,COMPLETED,29/09/22,EC2,026680511924,omron-backups
i-0c6983d1e1d61e1d7,COMPLETED,29/09/22,EC2,026680511924,omron-backups
i-00c8e07e0110e9ba6,COMPLETED,29/09/22,EC2,026680511924,omron-backups
i-07c9568ece61567d4,COMPLETED,29/09/22,EC2,026680511924,omron-backups
i-0d59590942b0bfbc4,COMPLETED,29/09/22,EC2,026680511924,omron-backups
i-07ca90681590d5605,COMPLETED,29/09/22,EC2,026680511924,omron-backups
i-06b79ca732d433936,COMPLETED,29/09/22,EC2,026680511924,omron-backups
i-0b3355ea382bb2bd2,COMPLETED,29/09/22,EC2,026680511924,omron-backups
i-09f5dea83421aa647,COMPLETED,29/09/22,EC2,026680511924,omron-backups
i-0c6db25b8a36ce56d,COMPLETED,28/09/22,EC2,026680511924,omron-backups
i-0eab583bc8661c947,COMPLETED,28/09/22,EC2,026680511924,omron-backups
i-0c6983d1e1d61e1d7,COMPLETED,28/09/22,EC2,026680511924,omron-backups
i-021418e2707ffc464,COMPLETED,28/09/22,EC2,026680511924,omron-backups
i-04c6e3166673d2e92,COMPLETED,28/09/22,EC2,026680511924,omron-backups
i-0bfd5b417e9c84b99,COMPLETED,28/09/22,EC2,026680511924,omron-backups
i-09f5dea83421aa647,COMPLETED,28/09/22,EC2,026680511924,omron-backups
i-09317b6a9349dd5ab,COMPLETED,28/09/22,EC2,026680511924,omron-backups
vol-0655a2e091e0e0ec3,COMPLETED,28/09/22,EBS,026680511924,omron-backups
i-0868fbac82e7f88c1,COMPLETED,28/09/22,EC2,026680511924,omron-backups
i-07ca90681590d5605,COMPLETED,28/09/22,EC2,026680511924,omron-backups
i-07f1bda56c25ea740,COMPLETED,28/09/22,EC2,026680511924,omron-backups
i-00c8e07e0110e9ba6,COMPLETED,28/09/22,EC2,026680511924,omron-backups
i-0a19a194af451ba92,COMPLETED,28/09/22,EC2,026680511924,omron-backups
i-063d25adc626a2ca4,COMPLETED,28/09/22,EC2,026680511924,omron-backups
i-0a715fd9b3d9db3e2,COMPLETED,28/09/22,EC2,026680511924,omron-backups
i-0dc949bcbf15bc08d,COMPLETED,28/09/22,EC2,026680511924,omron-backups
i-0cf6bafb3bfec7e96,COMPLETED,28/09/22,EC2,026680511924,omron-backups
i-0cf0958f262af2a49,COMPLETED,28/09/22,EC2,026680511924,omron-backups
i-07c9568ece61567d4,COMPLETED,28/09/22,EC2,026680511924,omron-backups
i-0500cb530af204046,COMPLETED,28/09/22,EC2,026680511924,omron-backups
i-0b3355ea382bb2bd2,COMPLETED,28/09/22,EC2,026680511924,omron-backups
i-03254d98ffef38b01,COMPLETED,28/09/22,EC2,026680511924,omron-backups
i-06b79ca732d433936,COMPLETED,28/09/22,EC2,026680511924,omron-backups
i-0d59590942b0bfbc4,COMPLETED,28/09/22,EC2,026680511924,omron-backups
i-021418e2707ffc464,COMPLETED,27/09/22,EC2,026680511924,omron-backups
i-09f5dea83421aa647,COMPLETED,27/09/22,EC2,026680511924,omron-backups
i-07c9568ece61567d4,COMPLETED,27/09/22,EC2,026680511924,omron-backups
i-063d25adc626a2ca4,COMPLETED,27/09/22,EC2,026680511924,omron-backups
i-0cf0958f262af2a49,COMPLETED,27/09/22,EC2,026680511924,omron-backups
i-0500cb530af204046,COMPLETED,27/09/22,EC2,026680511924,omron-backups
i-06b79ca732d433936,COMPLETED,27/09/22,EC2,026680511924,omron-backups
i-0eab583bc8661c947,COMPLETED,27/09/22,EC2,026680511924,omron-backups
i-0a715fd9b3d9db3e2,COMPLETED,27/09/22,EC2,026680511924,omron-backups
i-0868fbac82e7f88c1,COMPLETED,27/09/22,EC2,026680511924,omron-backups
i-0c6db25b8a36ce56d,COMPLETED,27/09/22,EC2,026680511924,omron-backups
i-0cf6bafb3bfec7e96,COMPLETED,27/09/22,EC2,026680511924,omron-backups
i-0c6983d1e1d61e1d7,COMPLETED,27/09/22,EC2,026680511924,omron-backups
i-0d59590942b0bfbc4,COMPLETED,27/09/22,EC2,026680511924,omron-backups
i-09317b6a9349dd5ab,COMPLETED,27/09/22,EC2,026680511924,omron-backups
i-0a19a194af451ba92,COMPLETED,27/09/22,EC2,026680511924,omron-backups
i-04c6e3166673d2e92,COMPLETED,27/09/22,EC2,026680511924,omron-backups
i-0b3355ea382bb2bd2,COMPLETED,27/09/22,EC2,026680511924,omron-backups
i-07ca90681590d5605,COMPLETED,27/09/22,EC2,026680511924,omron-backups
vol-0655a2e091e0e0ec3,COMPLETED,27/09/22,EBS,026680511924,omron-backups
i-03254d98ffef38b01,COMPLETED,27/09/22,EC2,026680511924,omron-backups
i-0dc949bcbf15bc08d,COMPLETED,27/09/22,EC2,026680511924,omron-backups
i-0bfd5b417e9c84b99,COMPLETED,27/09/22,EC2,026680511924,omron-backups
i-00c8e07e0110e9ba6,COMPLETED,27/09/22,EC2,026680511924,omron-backups
i-07f1bda56c25ea740,COMPLETED,27/09/22,EC2,026680511924,omron-backups
i-09f5dea83421aa647,COMPLETED,26/09/22,EC2,026680511924,omron-backups
i-00c8e07e0110e9ba6,COMPLETED,26/09/22,EC2,026680511924,omron-backups
i-0dc949bcbf15bc08d,COMPLETED,26/09/22,EC2,026680511924,omron-backups
i-0b3355ea382bb2bd2,COMPLETED,26/09/22,EC2,026680511924,omron-backups
i-07f1bda56c25ea740,COMPLETED,26/09/22,EC2,026680511924,omron-backups
i-0c6db25b8a36ce56d,COMPLETED,26/09/22,EC2,026680511924,omron-backups
i-0a715fd9b3d9db3e2,COMPLETED,26/09/22,EC2,026680511924,omron-backups
i-06b79ca732d433936,COMPLETED,26/09/22,EC2,026680511924,omron-backups
i-0cf6bafb3bfec7e96,COMPLETED,26/09/22,EC2,026680511924,omron-backups
i-0868fbac82e7f88c1,COMPLETED,26/09/22,EC2,026680511924,omron-backups
i-021418e2707ffc464,COMPLETED,26/09/22,EC2,026680511924,omron-backups
i-07c9568ece61567d4,COMPLETED,26/09/22,EC2,026680511924,omron-backups
i-0500cb530af204046,COMPLETED,26/09/22,EC2,026680511924,omron-backups
i-0bfd5b417e9c84b99,COMPLETED,26/09/22,EC2,026680511924,omron-backups
i-063d25adc626a2ca4,COMPLETED,26/09/22,EC2,026680511924,omron-backups
i-0eab583bc8661c947,COMPLETED,26/09/22,EC2,026680511924,omron-backups
i-04c6e3166673d2e92,COMPLETED,26/09/22,EC2,026680511924,omron-backups
i-07ca90681590d5605,COMPLETED,26/09/22,EC2,026680511924,omron-backups
i-0c6983d1e1d61e1d7,COMPLETED,26/09/22,EC2,026680511924,omron-backups
i-0a19a194af451ba92,COMPLETED,26/09/22,EC2,026680511924,omron-backups
vol-0655a2e091e0e0ec3,COMPLETED,26/09/22,EBS,026680511924,omron-backups
i-03254d98ffef38b01,COMPLETED,26/09/22,EC2,026680511924,omron-backups
i-0d59590942b0bfbc4,COMPLETED,26/09/22,EC2,026680511924,omron-backups
i-0cf0958f262af2a49,COMPLETED,26/09/22,EC2,026680511924,omron-backups
i-09317b6a9349dd5ab,COMPLETED,26/09/22,EC2,026680511924,omron-backups
i-0a715fd9b3d9db3e2,COMPLETED,25/09/22,EC2,026680511924,omron-backups
i-0d59590942b0bfbc4,COMPLETED,25/09/22,EC2,026680511924,omron-backups
i-021418e2707ffc464,COMPLETED,25/09/22,EC2,026680511924,omron-backups
i-063d25adc626a2ca4,COMPLETED,25/09/22,EC2,026680511924,omron-backups
i-0c6983d1e1d61e1d7,COMPLETED,25/09/22,EC2,026680511924,omron-backups
i-0cf0958f262af2a49,COMPLETED,25/09/22,EC2,026680511924,omron-backups
i-07ca90681590d5605,COMPLETED,25/09/22,EC2,026680511924,omron-backups
i-0c6db25b8a36ce56d,COMPLETED,25/09/22,EC2,026680511924,omron-backups
i-00c8e07e0110e9ba6,COMPLETED,25/09/22,EC2,026680511924,omron-backups
i-0b3355ea382bb2bd2,COMPLETED,25/09/22,EC2,026680511924,omron-backups
i-0bfd5b417e9c84b99,COMPLETED,25/09/22,EC2,026680511924,omron-backups
i-06b79ca732d433936,COMPLETED,25/09/22,EC2,026680511924,omron-backups
i-0a19a194af451ba92,COMPLETED,25/09/22,EC2,026680511924,omron-backups
i-07f1bda56c25ea740,COMPLETED,25/09/22,EC2,026680511924,omron-backups
i-0dc949bcbf15bc08d,COMPLETED,25/09/22,EC2,026680511924,omron-backups
i-0500cb530af204046,COMPLETED,25/09/22,EC2,026680511924,omron-backups
i-07c9568ece61567d4,COMPLETED,25/09/22,EC2,026680511924,omron-backups
i-0eab583bc8661c947,COMPLETED,25/09/22,EC2,026680511924,omron-backups
i-03254d98ffef38b01,COMPLETED,25/09/22,EC2,026680511924,omron-backups
i-09f5dea83421aa647,COMPLETED,25/09/22,EC2,026680511924,omron-backups
i-04c6e3166673d2e92,COMPLETED,25/09/22,EC2,026680511924,omron-backups
vol-0655a2e091e0e0ec3,COMPLETED,25/09/22,EBS,026680511924,omron-backups
i-0cf6bafb3bfec7e96,COMPLETED,25/09/22,EC2,026680511924,omron-backups
i-09317b6a9349dd5ab,COMPLETED,25/09/22,EC2,026680511924,omron-backups
i-0868fbac82e7f88c1,COMPLETED,25/09/22,EC2,026680511924,omron-backups
vol-0655a2e091e0e0ec3,COMPLETED,24/09/22,EBS,026680511924,omron-backups
i-0c6db25b8a36ce56d,COMPLETED,24/09/22,EC2,026680511924,omron-backups
i-0c6983d1e1d61e1d7,COMPLETED,24/09/22,EC2,026680511924,omron-backups
i-0868fbac82e7f88c1,COMPLETED,24/09/22,EC2,026680511924,omron-backups
i-09f5dea83421aa647,COMPLETED,24/09/22,EC2,026680511924,omron-backups
i-063d25adc626a2ca4,COMPLETED,24/09/22,EC2,026680511924,omron-backups
i-0a715fd9b3d9db3e2,COMPLETED,24/09/22,EC2,026680511924,omron-backups
i-021418e2707ffc464,COMPLETED,24/09/22,EC2,026680511924,omron-backups
i-07f1bda56c25ea740,COMPLETED,24/09/22,EC2,026680511924,omron-backups
i-0b3355ea382bb2bd2,COMPLETED,24/09/22,EC2,026680511924,omron-backups
i-0cf6bafb3bfec7e96,COMPLETED,24/09/22,EC2,026680511924,omron-backups
i-07c9568ece61567d4,COMPLETED,24/09/22,EC2,026680511924,omron-backups
i-07ca90681590d5605,COMPLETED,24/09/22,EC2,026680511924,omron-backups
i-09317b6a9349dd5ab,COMPLETED,24/09/22,EC2,026680511924,omron-backups
i-00c8e07e0110e9ba6,COMPLETED,24/09/22,EC2,026680511924,omron-backups
i-03254d98ffef38b01,COMPLETED,24/09/22,EC2,026680511924,omron-backups
i-06b79ca732d433936,COMPLETED,24/09/22,EC2,026680511924,omron-backups
i-0500cb530af204046,COMPLETED,24/09/22,EC2,026680511924,omron-backups
i-0a19a194af451ba92,COMPLETED,24/09/22,EC2,026680511924,omron-backups
i-0bfd5b417e9c84b99,COMPLETED,24/09/22,EC2,026680511924,omron-backups
i-0dc949bcbf15bc08d,COMPLETED,24/09/22,EC2,026680511924,omron-backups
i-0d59590942b0bfbc4,COMPLETED,24/09/22,EC2,026680511924,omron-backups
i-0cf0958f262af2a49,COMPLETED,24/09/22,EC2,026680511924,omron-backups
i-04c6e3166673d2e92,COMPLETED,24/09/22,EC2,026680511924,omron-backups
i-0eab583bc8661c947,COMPLETED,24/09/22,EC2,026680511924,omron-backups
i-09f5dea83421aa647,COMPLETED,23/09/22,EC2,026680511924,omron-backups
i-021418e2707ffc464,COMPLETED,23/09/22,EC2,026680511924,omron-backups
i-09317b6a9349dd5ab,COMPLETED,23/09/22,EC2,026680511924,omron-backups
i-07c9568ece61567d4,COMPLETED,23/09/22,EC2,026680511924,omron-backups
i-0cf0958f262af2a49,COMPLETED,23/09/22,EC2,026680511924,omron-backups
i-0868fbac82e7f88c1,COMPLETED,23/09/22,EC2,026680511924,omron-backups
i-07ca90681590d5605,COMPLETED,23/09/22,EC2,026680511924,omron-backups
i-03254d98ffef38b01,COMPLETED,23/09/22,EC2,026680511924,omron-backups
i-063d25adc626a2ca4,COMPLETED,23/09/22,EC2,026680511924,omron-backups
i-00c8e07e0110e9ba6,COMPLETED,23/09/22,EC2,026680511924,omron-backups
i-0a19a194af451ba92,COMPLETED,23/09/22,EC2,026680511924,omron-backups
i-0c6983d1e1d61e1d7,COMPLETED,23/09/22,EC2,026680511924,omron-backups
i-04c6e3166673d2e92,COMPLETED,23/09/22,EC2,026680511924,omron-backups
i-0bfd5b417e9c84b99,COMPLETED,23/09/22,EC2,026680511924,omron-backups
i-0dc949bcbf15bc08d,COMPLETED,23/09/22,EC2,026680511924,omron-backups
i-0cf6bafb3bfec7e96,COMPLETED,23/09/22,EC2,026680511924,omron-backups
i-0b3355ea382bb2bd2,COMPLETED,23/09/22,EC2,026680511924,omron-backups
i-0c6db25b8a36ce56d,COMPLETED,23/09/22,EC2,026680511924,omron-backups
i-0d59590942b0bfbc4,COMPLETED,23/09/22,EC2,026680511924,omron-backups
i-0eab583bc8661c947,COMPLETED,23/09/22,EC2,026680511924,omron-backups
i-0a715fd9b3d9db3e2,COMPLETED,23/09/22,EC2,026680511924,omron-backups
i-07f1bda56c25ea740,COMPLETED,23/09/22,EC2,026680511924,omron-backups
i-06b79ca732d433936,COMPLETED,23/09/22,EC2,026680511924,omron-backups
i-0500cb530af204046,COMPLETED,23/09/22,EC2,026680511924,omron-backups
vol-0655a2e091e0e0ec3,COMPLETED,23/09/22,EBS,026680511924,omron-backups
i-07ca90681590d5605,COMPLETED,22/09/22,EC2,026680511924,omron-backups
vol-0655a2e091e0e0ec3,COMPLETED,22/09/22,EBS,026680511924,omron-backups
i-0a715fd9b3d9db3e2,COMPLETED,22/09/22,EC2,026680511924,omron-backups
i-0500cb530af204046,COMPLETED,22/09/22,EC2,026680511924,omron-backups
i-07c9568ece61567d4,COMPLETED,22/09/22,EC2,026680511924,omron-backups
i-09f5dea83421aa647,COMPLETED,22/09/22,EC2,026680511924,omron-backups
i-0868fbac82e7f88c1,COMPLETED,22/09/22,EC2,026680511924,omron-backups
i-0a19a194af451ba92,COMPLETED,22/09/22,EC2,026680511924,omron-backups
i-06b79ca732d433936,COMPLETED,22/09/22,EC2,026680511924,omron-backups
i-0eab583bc8661c947,COMPLETED,22/09/22,EC2,026680511924,omron-backups
i-0cf6bafb3bfec7e96,COMPLETED,22/09/22,EC2,026680511924,omron-backups
i-03254d98ffef38b01,COMPLETED,22/09/22,EC2,026680511924,omron-backups
i-0c6db25b8a36ce56d,COMPLETED,22/09/22,EC2,026680511924,omron-backups
i-0c6983d1e1d61e1d7,COMPLETED,22/09/22,EC2,026680511924,omron-backups
i-0bfd5b417e9c84b99,COMPLETED,22/09/22,EC2,026680511924,omron-backups
i-07f1bda56c25ea740,COMPLETED,22/09/22,EC2,026680511924,omron-backups
i-021418e2707ffc464,COMPLETED,22/09/22,EC2,026680511924,omron-backups
i-09317b6a9349dd5ab,COMPLETED,22/09/22,EC2,026680511924,omron-backups
i-0b3355ea382bb2bd2,COMPLETED,22/09/22,EC2,026680511924,omron-backups
i-0d59590942b0bfbc4,COMPLETED,22/09/22,EC2,026680511924,omron-backups
i-04c6e3166673d2e92,COMPLETED,22/09/22,EC2,026680511924,omron-backups
i-00c8e07e0110e9ba6,COMPLETED,22/09/22,EC2,026680511924,omron-backups
i-0cf0958f262af2a49,COMPLETED,22/09/22,EC2,026680511924,omron-backups
i-063d25adc626a2ca4,COMPLETED,22/09/22,EC2,026680511924,omron-backups
i-0dc949bcbf15bc08d,COMPLETED,22/09/22,EC2,026680511924,omron-backups
i-0868fbac82e7f88c1,COMPLETED,21/09/22,EC2,026680511924,omron-backups
i-07ca90681590d5605,COMPLETED,21/09/22,EC2,026680511924,omron-backups
i-09317b6a9349dd5ab,COMPLETED,21/09/22,EC2,026680511924,omron-backups
i-00c8e07e0110e9ba6,COMPLETED,21/09/22,EC2,026680511924,omron-backups
i-021418e2707ffc464,COMPLETED,21/09/22,EC2,026680511924,omron-backups
i-063d25adc626a2ca4,COMPLETED,21/09/22,EC2,026680511924,omron-backups
i-0cf0958f262af2a49,COMPLETED,21/09/22,EC2,026680511924,omron-backups
i-06b79ca732d433936,COMPLETED,21/09/22,EC2,026680511924,omron-backups
i-0c6db25b8a36ce56d,COMPLETED,21/09/22,EC2,026680511924,omron-backups
i-0b3355ea382bb2bd2,COMPLETED,21/09/22,EC2,026680511924,omron-backups
i-0eab583bc8661c947,COMPLETED,21/09/22,EC2,026680511924,omron-backups
i-0dc949bcbf15bc08d,COMPLETED,21/09/22,EC2,026680511924,omron-backups
i-0bfd5b417e9c84b99,COMPLETED,21/09/22,EC2,026680511924,omron-backups
i-0c6983d1e1d61e1d7,COMPLETED,21/09/22,EC2,026680511924,omron-backups
i-07c9568ece61567d4,COMPLETED,21/09/22,EC2,026680511924,omron-backups
i-0500cb530af204046,COMPLETED,21/09/22,EC2,026680511924,omron-backups
i-04c6e3166673d2e92,COMPLETED,21/09/22,EC2,026680511924,omron-backups
i-03254d98ffef38b01,COMPLETED,21/09/22,EC2,026680511924,omron-backups
i-07f1bda56c25ea740,COMPLETED,21/09/22,EC2,026680511924,omron-backups
i-09f5dea83421aa647,COMPLETED,21/09/22,EC2,026680511924,omron-backups
vol-0655a2e091e0e0ec3,COMPLETED,21/09/22,EBS,026680511924,omron-backups
i-0d59590942b0bfbc4,COMPLETED,21/09/22,EC2,026680511924,omron-backups
i-0a715fd9b3d9db3e2,COMPLETED,21/09/22,EC2,026680511924,omron-backups
i-0a19a194af451ba92,COMPLETED,21/09/22,EC2,026680511924,omron-backups
i-0cf6bafb3bfec7e96,COMPLETED,21/09/22,EC2,026680511924,omron-backups
i-07f1bda56c25ea740,COMPLETED,20/09/22,EC2,026680511924,omron-backups
i-0a19a194af451ba92,COMPLETED,20/09/22,EC2,026680511924,omron-backups
i-03254d98ffef38b01,COMPLETED,20/09/22,EC2,026680511924,omron-backups
i-0a715fd9b3d9db3e2,COMPLETED,20/09/22,EC2,026680511924,omron-backups
i-06b79ca732d433936,COMPLETED,20/09/22,EC2,026680511924,omron-backups
i-0dc949bcbf15bc08d,COMPLETED,20/09/22,EC2,026680511924,omron-backups
i-0868fbac82e7f88c1,COMPLETED,20/09/22,EC2,026680511924,omron-backups
i-0bfd5b417e9c84b99,COMPLETED,20/09/22,EC2,026680511924,omron-backups
i-07c9568ece61567d4,COMPLETED,20/09/22,EC2,026680511924,omron-backups
i-09f5dea83421aa647,COMPLETED,20/09/22,EC2,026680511924,omron-backups
i-0b3355ea382bb2bd2,COMPLETED,20/09/22,EC2,026680511924,omron-backups
i-0cf0958f262af2a49,COMPLETED,20/09/22,EC2,026680511924,omron-backups
i-00c8e07e0110e9ba6,COMPLETED,20/09/22,EC2,026680511924,omron-backups
i-0c6db25b8a36ce56d,COMPLETED,20/09/22,EC2,026680511924,omron-backups
i-04c6e3166673d2e92,COMPLETED,20/09/22,EC2,026680511924,omron-backups
i-0c6983d1e1d61e1d7,COMPLETED,20/09/22,EC2,026680511924,omron-backups
i-0cf6bafb3bfec7e96,COMPLETED,20/09/22,EC2,026680511924,omron-backups
i-0eab583bc8661c947,COMPLETED,20/09/22,EC2,026680511924,omron-backups
i-09317b6a9349dd5ab,COMPLETED,20/09/22,EC2,026680511924,omron-backups
i-063d25adc626a2ca4,COMPLETED,20/09/22,EC2,026680511924,omron-backups
i-07ca90681590d5605,COMPLETED,20/09/22,EC2,026680511924,omron-backups
i-0d59590942b0bfbc4,COMPLETED,20/09/22,EC2,026680511924,omron-backups
i-0500cb530af204046,COMPLETED,20/09/22,EC2,026680511924,omron-backups
i-021418e2707ffc464,COMPLETED,20/09/22,EC2,026680511924,omron-backups
vol-0655a2e091e0e0ec3,COMPLETED,20/09/22,EBS,026680511924,omron-backups
i-0868fbac82e7f88c1,COMPLETED,19/09/22,EC2,026680511924,omron-backups
i-0cf6bafb3bfec7e96,COMPLETED,19/09/22,EC2,026680511924,omron-backups
i-0c6db25b8a36ce56d,COMPLETED,19/09/22,EC2,026680511924,omron-backups
i-09f5dea83421aa647,COMPLETED,19/09/22,EC2,026680511924,omron-backups
i-0cf0958f262af2a49,COMPLETED,19/09/22,EC2,026680511924,omron-backups
i-03254d98ffef38b01,COMPLETED,19/09/22,EC2,026680511924,omron-backups
i-0a19a194af451ba92,COMPLETED,19/09/22,EC2,026680511924,omron-backups
i-0bfd5b417e9c84b99,COMPLETED,19/09/22,EC2,026680511924,omron-backups
i-0dc949bcbf15bc08d,COMPLETED,19/09/22,EC2,026680511924,omron-backups
i-0b3355ea382bb2bd2,COMPLETED,19/09/22,EC2,026680511924,omron-backups
i-0a715fd9b3d9db3e2,COMPLETED,19/09/22,EC2,026680511924,omron-backups
i-021418e2707ffc464,COMPLETED,19/09/22,EC2,026680511924,omron-backups
i-06b79ca732d433936,COMPLETED,19/09/22,EC2,026680511924,omron-backups
i-0eab583bc8661c947,COMPLETED,19/09/22,EC2,026680511924,omron-backups
i-04c6e3166673d2e92,COMPLETED,19/09/22,EC2,026680511924,omron-backups
i-09317b6a9349dd5ab,COMPLETED,19/09/22,EC2,026680511924,omron-backups
i-063d25adc626a2ca4,COMPLETED,19/09/22,EC2,026680511924,omron-backups
i-07f1bda56c25ea740,COMPLETED,19/09/22,EC2,026680511924,omron-backups
i-0d59590942b0bfbc4,COMPLETED,19/09/22,EC2,026680511924,omron-backups
i-0c6983d1e1d61e1d7,COMPLETED,19/09/22,EC2,026680511924,omron-backups
i-00c8e07e0110e9ba6,COMPLETED,19/09/22,EC2,026680511924,omron-backups
i-07c9568ece61567d4,COMPLETED,19/09/22,EC2,026680511924,omron-backups
i-0500cb530af204046,COMPLETED,19/09/22,EC2,026680511924,omron-backups
vol-0655a2e091e0e0ec3,COMPLETED,19/09/22,EBS,026680511924,omron-backups
i-07ca90681590d5605,COMPLETED,19/09/22,EC2,026680511924,omron-backups
i-09317b6a9349dd5ab,COMPLETED,18/09/22,EC2,026680511924,omron-backups
i-07c9568ece61567d4,COMPLETED,18/09/22,EC2,026680511924,omron-backups
i-0cf0958f262af2a49,COMPLETED,18/09/22,EC2,026680511924,omron-backups
i-0bfd5b417e9c84b99,COMPLETED,18/09/22,EC2,026680511924,omron-backups
i-07f1bda56c25ea740,COMPLETED,18/09/22,EC2,026680511924,omron-backups
i-07ca90681590d5605,COMPLETED,18/09/22,EC2,026680511924,omron-backups
i-0c6983d1e1d61e1d7,COMPLETED,18/09/22,EC2,026680511924,omron-backups
i-0a19a194af451ba92,COMPLETED,18/09/22,EC2,026680511924,omron-backups
i-03254d98ffef38b01,COMPLETED,18/09/22,EC2,026680511924,omron-backups
i-06b79ca732d433936,COMPLETED,18/09/22,EC2,026680511924,omron-backups
i-0b3355ea382bb2bd2,COMPLETED,18/09/22,EC2,026680511924,omron-backups
i-063d25adc626a2ca4,COMPLETED,18/09/22,EC2,026680511924,omron-backups
i-0d59590942b0bfbc4,COMPLETED,18/09/22,EC2,026680511924,omron-backups
i-00c8e07e0110e9ba6,COMPLETED,18/09/22,EC2,026680511924,omron-backups
i-09f5dea83421aa647,COMPLETED,18/09/22,EC2,026680511924,omron-backups
i-0a715fd9b3d9db3e2,COMPLETED,18/09/22,EC2,026680511924,omron-backups
vol-0655a2e091e0e0ec3,COMPLETED,18/09/22,EBS,026680511924,omron-backups
i-0500cb530af204046,COMPLETED,18/09/22,EC2,026680511924,omron-backups
i-0868fbac82e7f88c1,COMPLETED,18/09/22,EC2,026680511924,omron-backups
i-0c6db25b8a36ce56d,COMPLETED,18/09/22,EC2,026680511924,omron-backups
i-04c6e3166673d2e92,COMPLETED,18/09/22,EC2,026680511924,omron-backups
i-0eab583bc8661c947,COMPLETED,18/09/22,EC2,026680511924,omron-backups
i-021418e2707ffc464,COMPLETED,18/09/22,EC2,026680511924,omron-backups
i-0cf6bafb3bfec7e96,COMPLETED,18/09/22,EC2,026680511924,omron-backups
i-0dc949bcbf15bc08d,COMPLETED,18/09/22,EC2,026680511924,omron-backups
i-0bfd5b417e9c84b99,COMPLETED,17/09/22,EC2,026680511924,omron-backups
i-06b79ca732d433936,COMPLETED,17/09/22,EC2,026680511924,omron-backups
i-00c8e07e0110e9ba6,COMPLETED,17/09/22,EC2,026680511924,omron-backups
i-04c6e3166673d2e92,COMPLETED,17/09/22,EC2,026680511924,omron-backups
i-07f1bda56c25ea740,COMPLETED,17/09/22,EC2,026680511924,omron-backups
i-063d25adc626a2ca4,COMPLETED,17/09/22,EC2,026680511924,omron-backups
vol-0655a2e091e0e0ec3,COMPLETED,17/09/22,EBS,026680511924,omron-backups
i-0c6db25b8a36ce56d,COMPLETED,17/09/22,EC2,026680511924,omron-backups
i-0d59590942b0bfbc4,COMPLETED,17/09/22,EC2,026680511924,omron-backups
i-03254d98ffef38b01,COMPLETED,17/09/22,EC2,026680511924,omron-backups
i-0eab583bc8661c947,COMPLETED,17/09/22,EC2,026680511924,omron-backups
i-0a715fd9b3d9db3e2,COMPLETED,17/09/22,EC2,026680511924,omron-backups
i-0cf0958f262af2a49,COMPLETED,17/09/22,EC2,026680511924,omron-backups
i-09317b6a9349dd5ab,COMPLETED,17/09/22,EC2,026680511924,omron-backups
i-0500cb530af204046,COMPLETED,17/09/22,EC2,026680511924,omron-backups
i-07c9568ece61567d4,COMPLETED,17/09/22,EC2,026680511924,omron-backups
i-09f5dea83421aa647,COMPLETED,17/09/22,EC2,026680511924,omron-backups
i-0cf6bafb3bfec7e96,COMPLETED,17/09/22,EC2,026680511924,omron-backups
i-0b3355ea382bb2bd2,COMPLETED,17/09/22,EC2,026680511924,omron-backups
i-0c6983d1e1d61e1d7,COMPLETED,17/09/22,EC2,026680511924,omron-backups
i-0dc949bcbf15bc08d,COMPLETED,17/09/22,EC2,026680511924,omron-backups
i-0868fbac82e7f88c1,COMPLETED,17/09/22,EC2,026680511924,omron-backups
i-07ca90681590d5605,COMPLETED,17/09/22,EC2,026680511924,omron-backups
i-0a19a194af451ba92,COMPLETED,17/09/22,EC2,026680511924,omron-backups
i-021418e2707ffc464,COMPLETED,17/09/22,EC2,026680511924,omron-backups
i-0a715fd9b3d9db3e2,COMPLETED,16/09/22,EC2,026680511924,omron-backups
i-06b79ca732d433936,COMPLETED,16/09/22,EC2,026680511924,omron-backups
vol-0655a2e091e0e0ec3,COMPLETED,16/09/22,EBS,026680511924,omron-backups
i-09317b6a9349dd5ab,COMPLETED,16/09/22,EC2,026680511924,omron-backups
i-0cf0958f262af2a49,COMPLETED,16/09/22,EC2,026680511924,omron-backups
i-04c6e3166673d2e92,COMPLETED,16/09/22,EC2,026680511924,omron-backups
i-09f5dea83421aa647,COMPLETED,16/09/22,EC2,026680511924,omron-backups
i-063d25adc626a2ca4,COMPLETED,16/09/22,EC2,026680511924,omron-backups
i-0c6db25b8a36ce56d,COMPLETED,16/09/22,EC2,026680511924,omron-backups
i-0c6983d1e1d61e1d7,COMPLETED,16/09/22,EC2,026680511924,omron-backups
i-0868fbac82e7f88c1,COMPLETED,16/09/22,EC2,026680511924,omron-backups
i-03254d98ffef38b01,COMPLETED,16/09/22,EC2,026680511924,omron-backups
i-07ca90681590d5605,COMPLETED,16/09/22,EC2,026680511924,omron-backups
i-0bfd5b417e9c84b99,COMPLETED,16/09/22,EC2,026680511924,omron-backups
i-0cf6bafb3bfec7e96,COMPLETED,16/09/22,EC2,026680511924,omron-backups
i-0b3355ea382bb2bd2,COMPLETED,16/09/22,EC2,026680511924,omron-backups
i-021418e2707ffc464,COMPLETED,16/09/22,EC2,026680511924,omron-backups
i-07c9568ece61567d4,COMPLETED,16/09/22,EC2,026680511924,omron-backups
i-0eab583bc8661c947,COMPLETED,16/09/22,EC2,026680511924,omron-backups
i-0d59590942b0bfbc4,COMPLETED,16/09/22,EC2,026680511924,omron-backups
i-00c8e07e0110e9ba6,COMPLETED,16/09/22,EC2,026680511924,omron-backups
i-0dc949bcbf15bc08d,COMPLETED,16/09/22,EC2,026680511924,omron-backups
i-0500cb530af204046,COMPLETED,16/09/22,EC2,026680511924,omron-backups
i-0a19a194af451ba92,COMPLETED,16/09/22,EC2,026680511924,omron-backups
i-07f1bda56c25ea740,COMPLETED,16/09/22,EC2,026680511924,omron-backups
i-0cf6bafb3bfec7e96,COMPLETED,15/09/22,EC2,026680511924,omron-backups
i-0dc949bcbf15bc08d,COMPLETED,15/09/22,EC2,026680511924,omron-backups
i-063d25adc626a2ca4,COMPLETED,15/09/22,EC2,026680511924,omron-backups
i-0b3355ea382bb2bd2,COMPLETED,15/09/22,EC2,026680511924,omron-backups
i-07c9568ece61567d4,COMPLETED,15/09/22,EC2,026680511924,omron-backups
i-0c6983d1e1d61e1d7,COMPLETED,15/09/22,EC2,026680511924,omron-backups
i-0bfd5b417e9c84b99,COMPLETED,15/09/22,EC2,026680511924,omron-backups
i-04c6e3166673d2e92,COMPLETED,15/09/22,EC2,026680511924,omron-backups
vol-0655a2e091e0e0ec3,COMPLETED,15/09/22,EBS,026680511924,omron-backups
i-00c8e07e0110e9ba6,COMPLETED,15/09/22,EC2,026680511924,omron-backups
i-0d59590942b0bfbc4,COMPLETED,15/09/22,EC2,026680511924,omron-backups
i-09f5dea83421aa647,COMPLETED,15/09/22,EC2,026680511924,omron-backups
i-0eab583bc8661c947,COMPLETED,15/09/22,EC2,026680511924,omron-backups
i-03254d98ffef38b01,COMPLETED,15/09/22,EC2,026680511924,omron-backups
i-0868fbac82e7f88c1,COMPLETED,15/09/22,EC2,026680511924,omron-backups
i-0c6db25b8a36ce56d,COMPLETED,15/09/22,EC2,026680511924,omron-backups
i-09317b6a9349dd5ab,COMPLETED,15/09/22,EC2,026680511924,omron-backups
i-06b79ca732d433936,COMPLETED,15/09/22,EC2,026680511924,omron-backups
i-0a19a194af451ba92,COMPLETED,15/09/22,EC2,026680511924,omron-backups
i-07ca90681590d5605,COMPLETED,15/09/22,EC2,026680511924,omron-backups
i-0500cb530af204046,COMPLETED,15/09/22,EC2,026680511924,omron-backups
i-021418e2707ffc464,COMPLETED,15/09/22,EC2,026680511924,omron-backups
i-07f1bda56c25ea740,COMPLETED,15/09/22,EC2,026680511924,omron-backups
i-0a715fd9b3d9db3e2,COMPLETED,15/09/22,EC2,026680511924,omron-backups
i-0cf0958f262af2a49,COMPLETED,15/09/22,EC2,026680511924,omron-backups
i-0a19a194af451ba92,COMPLETED,14/09/22,EC2,026680511924,omron-backups
i-0dc949bcbf15bc08d,COMPLETED,14/09/22,EC2,026680511924,omron-backups
i-07ca90681590d5605,COMPLETED,14/09/22,EC2,026680511924,omron-backups
i-0cf0958f262af2a49,COMPLETED,14/09/22,EC2,026680511924,omron-backups
i-03254d98ffef38b01,COMPLETED,14/09/22,EC2,026680511924,omron-backups
i-09f5dea83421aa647,COMPLETED,14/09/22,EC2,026680511924,omron-backups
i-07c9568ece61567d4,COMPLETED,14/09/22,EC2,026680511924,omron-backups
i-04c6e3166673d2e92,COMPLETED,14/09/22,EC2,026680511924,omron-backups
i-00c8e07e0110e9ba6,COMPLETED,14/09/22,EC2,026680511924,omron-backups
i-0a715fd9b3d9db3e2,COMPLETED,14/09/22,EC2,026680511924,omron-backups
vol-0655a2e091e0e0ec3,COMPLETED,14/09/22,EBS,026680511924,omron-backups
i-0c6983d1e1d61e1d7,COMPLETED,14/09/22,EC2,026680511924,omron-backups
i-0c6db25b8a36ce56d,COMPLETED,14/09/22,EC2,026680511924,omron-backups
i-06b79ca732d433936,COMPLETED,14/09/22,EC2,026680511924,omron-backups
i-021418e2707ffc464,COMPLETED,14/09/22,EC2,026680511924,omron-backups
i-09317b6a9349dd5ab,COMPLETED,14/09/22,EC2,026680511924,omron-backups
i-0868fbac82e7f88c1,COMPLETED,14/09/22,EC2,026680511924,omron-backups
i-07f1bda56c25ea740,COMPLETED,14/09/22,EC2,026680511924,omron-backups
i-0bfd5b417e9c84b99,COMPLETED,14/09/22,EC2,026680511924,omron-backups
i-0d59590942b0bfbc4,COMPLETED,14/09/22,EC2,026680511924,omron-backups
i-0cf6bafb3bfec7e96,COMPLETED,14/09/22,EC2,026680511924,omron-backups
i-0b3355ea382bb2bd2,COMPLETED,14/09/22,EC2,026680511924,omron-backups
i-0eab583bc8661c947,COMPLETED,14/09/22,EC2,026680511924,omron-backups
i-063d25adc626a2ca4,COMPLETED,14/09/22,EC2,026680511924,omron-backups
i-0500cb530af204046,COMPLETED,14/09/22,EC2,026680511924,omron-backups
i-06b79ca732d433936,COMPLETED,13/09/22,EC2,026680511924,omron-backups
i-07c9568ece61567d4,COMPLETED,13/09/22,EC2,026680511924,omron-backups
i-07ca90681590d5605,COMPLETED,13/09/22,EC2,026680511924,omron-backups
vol-0655a2e091e0e0ec3,COMPLETED,13/09/22,EBS,026680511924,omron-backups
i-09317b6a9349dd5ab,COMPLETED,13/09/22,EC2,026680511924,omron-backups
i-0b3355ea382bb2bd2,COMPLETED,13/09/22,EC2,026680511924,omron-backups
i-03254d98ffef38b01,COMPLETED,13/09/22,EC2,026680511924,omron-backups
i-04c6e3166673d2e92,COMPLETED,13/09/22,EC2,026680511924,omron-backups
i-00c8e07e0110e9ba6,COMPLETED,13/09/22,EC2,026680511924,omron-backups
i-0dc949bcbf15bc08d,COMPLETED,13/09/22,EC2,026680511924,omron-backups
i-0eab583bc8661c947,COMPLETED,13/09/22,EC2,026680511924,omron-backups
i-0a715fd9b3d9db3e2,COMPLETED,13/09/22,EC2,026680511924,omron-backups
i-0868fbac82e7f88c1,COMPLETED,13/09/22,EC2,026680511924,omron-backups
i-0a19a194af451ba92,COMPLETED,13/09/22,EC2,026680511924,omron-backups
i-063d25adc626a2ca4,COMPLETED,13/09/22,EC2,026680511924,omron-backups
i-0d59590942b0bfbc4,COMPLETED,13/09/22,EC2,026680511924,omron-backups
i-0cf0958f262af2a49,COMPLETED,13/09/22,EC2,026680511924,omron-backups
i-021418e2707ffc464,COMPLETED,13/09/22,EC2,026680511924,omron-backups
i-0c6983d1e1d61e1d7,COMPLETED,13/09/22,EC2,026680511924,omron-backups
i-07f1bda56c25ea740,COMPLETED,13/09/22,EC2,026680511924,omron-backups
i-0cf6bafb3bfec7e96,COMPLETED,13/09/22,EC2,026680511924,omron-backups
i-0500cb530af204046,COMPLETED,13/09/22,EC2,026680511924,omron-backups
i-0c6db25b8a36ce56d,COMPLETED,13/09/22,EC2,026680511924,omron-backups
i-0bfd5b417e9c84b99,COMPLETED,13/09/22,EC2,026680511924,omron-backups
i-09f5dea83421aa647,COMPLETED,13/09/22,EC2,026680511924,omron-backups
i-07f1bda56c25ea740,COMPLETED,12/09/22,EC2,026680511924,omron-backups
i-0cf6bafb3bfec7e96,COMPLETED,12/09/22,EC2,026680511924,omron-backups
i-03254d98ffef38b01,COMPLETED,12/09/22,EC2,026680511924,omron-backups
i-00c8e07e0110e9ba6,COMPLETED,12/09/22,EC2,026680511924,omron-backups
i-0cf0958f262af2a49,COMPLETED,12/09/22,EC2,026680511924,omron-backups
i-0c6db25b8a36ce56d,COMPLETED,12/09/22,EC2,026680511924,omron-backups
i-0eab583bc8661c947,COMPLETED,12/09/22,EC2,026680511924,omron-backups
i-0a19a194af451ba92,COMPLETED,12/09/22,EC2,026680511924,omron-backups
i-0b3355ea382bb2bd2,COMPLETED,12/09/22,EC2,026680511924,omron-backups
i-0d59590942b0bfbc4,COMPLETED,12/09/22,EC2,026680511924,omron-backups
i-07ca90681590d5605,COMPLETED,12/09/22,EC2,026680511924,omron-backups
i-0c6983d1e1d61e1d7,COMPLETED,12/09/22,EC2,026680511924,omron-backups
i-06b79ca732d433936,COMPLETED,12/09/22,EC2,026680511924,omron-backups
i-063d25adc626a2ca4,COMPLETED,12/09/22,EC2,026680511924,omron-backups
i-0a715fd9b3d9db3e2,COMPLETED,12/09/22,EC2,026680511924,omron-backups
vol-0655a2e091e0e0ec3,COMPLETED,12/09/22,EBS,026680511924,omron-backups
i-0868fbac82e7f88c1,COMPLETED,12/09/22,EC2,026680511924,omron-backups
i-07c9568ece61567d4,COMPLETED,12/09/22,EC2,026680511924,omron-backups
i-09f5dea83421aa647,COMPLETED,12/09/22,EC2,026680511924,omron-backups
i-0dc949bcbf15bc08d,COMPLETED,12/09/22,EC2,026680511924,omron-backups
i-0bfd5b417e9c84b99,COMPLETED,12/09/22,EC2,026680511924,omron-backups
i-04c6e3166673d2e92,COMPLETED,12/09/22,EC2,026680511924,omron-backups
i-09317b6a9349dd5ab,COMPLETED,12/09/22,EC2,026680511924,omron-backups
i-0500cb530af204046,COMPLETED,12/09/22,EC2,026680511924,omron-backups
i-021418e2707ffc464,COMPLETED,12/09/22,EC2,026680511924,omron-backups
i-0cf0958f262af2a49,COMPLETED,11/09/22,EC2,026680511924,omron-backups
i-06b79ca732d433936,COMPLETED,11/09/22,EC2,026680511924,omron-backups
i-0a19a194af451ba92,COMPLETED,11/09/22,EC2,026680511924,omron-backups
i-021418e2707ffc464,COMPLETED,11/09/22,EC2,026680511924,omron-backups
i-0500cb530af204046,COMPLETED,11/09/22,EC2,026680511924,omron-backups
i-0cf6bafb3bfec7e96,COMPLETED,11/09/22,EC2,026680511924,omron-backups
i-0a715fd9b3d9db3e2,COMPLETED,11/09/22,EC2,026680511924,omron-backups
i-0eab583bc8661c947,COMPLETED,11/09/22,EC2,026680511924,omron-backups
i-07c9568ece61567d4,COMPLETED,11/09/22,EC2,026680511924,omron-backups
i-0d59590942b0bfbc4,COMPLETED,11/09/22,EC2,026680511924,omron-backups
i-0c6db25b8a36ce56d,COMPLETED,11/09/22,EC2,026680511924,omron-backups
i-04c6e3166673d2e92,COMPLETED,11/09/22,EC2,026680511924,omron-backups
i-09f5dea83421aa647,COMPLETED,11/09/22,EC2,026680511924,omron-backups
i-07f1bda56c25ea740,COMPLETED,11/09/22,EC2,026680511924,omron-backups
i-0c6983d1e1d61e1d7,COMPLETED,11/09/22,EC2,026680511924,omron-backups
i-00c8e07e0110e9ba6,COMPLETED,11/09/22,EC2,026680511924,omron-backups
i-0bfd5b417e9c84b99,COMPLETED,11/09/22,EC2,026680511924,omron-backups
i-09317b6a9349dd5ab,COMPLETED,11/09/22,EC2,026680511924,omron-backups
i-0b3355ea382bb2bd2,COMPLETED,11/09/22,EC2,026680511924,omron-backups
i-07ca90681590d5605,COMPLETED,11/09/22,EC2,026680511924,omron-backups
i-03254d98ffef38b01,COMPLETED,11/09/22,EC2,026680511924,omron-backups
i-0dc949bcbf15bc08d,COMPLETED,11/09/22,EC2,026680511924,omron-backups
vol-0655a2e091e0e0ec3,COMPLETED,11/09/22,EBS,026680511924,omron-backups
i-0868fbac82e7f88c1,COMPLETED,11/09/22,EC2,026680511924,omron-backups
