Unnamed: 0,service
Dacast,7094
Calibrate,1146
JCI - AirCloud Stage,1030
DC4_Zabbix,671
AWS Backup,371
JCI - AirCloud Management,338
32auctions,286
Phobs,266
CryptoTrading Corp,261
QuaverEd,199
Next Reason Production,123
Direct-Booker,104
JCI - AirCloud Prod,100
logoup,96
Account Warehouse,84
Fully,75
CMLViz,52
Speed Digital,50
AWS Account ,45
CD DealerShop,44
CryptoTrading Stage,42
Next Reason Developmemt,40
CD Sunbelt Supply,40
FTI Consulting,39
Magic City Systems,38
SSL: Global Sign,36
PCI,34
IVFlex-ServiceNow,34
Lets Encrypt Certificates,32
EVS Private Cloud (Redux E-VS),32
Meltwater,30
SSL : eNom,26
Cyberauctions,26
Courier NetWork - CNW,22
CryptoTrading QA,21
CryptoTrading Prod,18
Dacast - vzaar-servers,17
sustainable-energy-fund,13
Acumed,12
CareMetx ServiceNow,8
Avant Assessment,7
CD-Legacy-Kuhlman,6
EE Schenck,6
Cambodian Children's Fund,6
CD - Management,5
IVFlex- Omron,5
ATP Learning,4
Aflote,4
CD Alsco,3
Project Expedition,3
GBI,2
CD Logistica (EnterpriStore),2
Dakota Funds,2
NikeSB,2
Top Shelf Aquatics,2
Direct Booker Dev,2
JCI - AirCloud Dev,2
Pacific Coast Fruit Company,1
CI Solutions,1
Pokemon,1
CD Silmar Electronics,1
CD Apex,1
Manor Financial Dev/Stage,1
Polkadex,1
